N_CTX,cuTile [FP16],Triton [fp16],cuTile [FP8],Triton [fp8]
1024.000000,64.480004,49.892696,31.610242,68.808131
2048.000000,138.962093,107.550085,68.243055,166.872215
4096.000000,165.360065,155.799445,258.770178,245.672458
8192.000000,173.751794,158.694324,303.803074,261.511599
16384.000000,202.638609,161.840092,365.103156,300.558080
