N_CTX,cuTile [FP16],Triton [fp16],cuTile [FP8],Triton [fp8]
1024.000000,52.275816,45.594170,5.115376,54.891333
2048.000000,116.964639,102.760728,53.576947,127.902798
4096.000000,155.812242,137.948718,126.077067,251.979414
8192.000000,168.902626,152.484997,287.266623,282.239564
16384.000000,193.432722,180.367749,345.101335,308.496934
