N_CTX,cuTile [FP16],Triton [fp16],cuTile [FP8],Triton [fp8]
1024.000000,31.586988,22.872398,9.794683,35.189667
2048.000000,69.860200,49.920082,33.879618,79.362276
4096.000000,98.509965,77.020452,149.420284,141.146769
8192.000000,146.903825,113.011719,237.963728,206.074879
16384.000000,176.440758,148.913854,306.742892,271.737972
