N_CTX,cuTile [FP16],Triton [fp16],cuTile [FP8],Triton [fp8]
1024.000000,26.196522,22.027113,18.063535,28.853118
2048.000000,59.041348,50.449511,35.538979,69.567333
4096.000000,93.629869,83.199151,75.257205,137.158095
8192.000000,137.996562,139.719932,230.557080,234.207319
16384.000000,171.209536,150.599002,300.484417,276.494625
